name,rating,reviews,price_range,category,address,phone,website,hours,plus_code,description,google_maps_url,instagram,tiktok,photos,videos,reviews_data
"Chocolata Cafe Kediri","4.2","1151","Rp 1–25.000","Chocolata Cafe Kediri  4,2(1.151)","","","","","","","https://www.google.com/maps/place/Chocolata+Cafe+Kediri/data=!4m7!3m6!1s0x2e78576d3403aa07:0xad7c46ba29f96115!8m2!3d-7.8208349!4d112.024842!16s%2Fg%2F11g6mlvrmy!19sChIJB6oDNG1XeC4RFWH5KbpGfK0","","","","",""
"Mata Hati Cafe - Kediri","4.6","1361","Rp 25–50 rb","Mata Hati Cafe - Kediri  4,6(1.361)","","","","","","","https://www.google.com/maps/place/Mata+Hati+Cafe+-+Kediri/data=!4m7!3m6!1s0x2e78576608a3e335:0x367b1633648c7119!8m2!3d-7.8029471!4d112.0032112!16s%2Fg%2F11sgr2kmls!19sChIJNeOjCGZXeC4RGXGMZDMWezY","","","","",""
"Alinea Kediri","4.6","2041","Rp 25–50 rb","","","","","","","","https://www.google.com/maps/place/Alinea+Kediri/data=!4m7!3m6!1s0x2e78572f8ca7934b:0xd7fe62fb6dd85f4e!8m2!3d-7.8221321!4d112.0167922!16s%2Fg%2F11j4yvtfwf!19sChIJS5OnjC9XeC4RTl_Ybfti_tc","","","","",""
"Tomoro Coffee - Joyoboyo Kediri","4.7","1108","Rp 25–50 rb","","","","","","","","https://www.google.com/maps/place/Tomoro+Coffee+-+Joyoboyo+Kediri/data=!4m7!3m6!1s0x2e7857eb46c1c7a7:0x2a68dc63e0f71570!8m2!3d-7.8216215!4d112.0185921!16s%2Fg%2F11vsslmq1y!19sChIJp8fBRutXeC4RcBX34GPcaCo","","","","",""
"Wuffyspace Kediri","5.0","607","Rp 25–50 rb","","","","","","","","https://www.google.com/maps/place/Wuffyspace+Kediri/data=!4m7!3m6!1s0x2e785721b78d3ddb:0xab2b669ad7e6244c!8m2!3d-7.8223087!4d111.987355!16s%2Fg%2F11vd9pyvfb!19sChIJ2z2NtyFXeC4RTCTm15pmK6s","","","","",""
"Lunacia","4.5","289","Rp 1–25.000","Buka Kam pukul 09.00  ""Barista di sini benar-benar ahli dalam seni kopi.""","","","","","","","https://www.google.com/maps/place/Lunacia/data=!4m7!3m6!1s0x2e78579399336d31:0x594efdd4d6ade5d7!8m2!3d-7.8222991!4d111.9872683!16s%2Fg%2F11q4bqn9yc!19sChIJMW0zmZNXeC4R1-Wt1tT9Tlk","","","","",""
"Bedjo Coffee 3","4.6","492","Rp 1–25.000","","","","","","","","https://www.google.com/maps/place/Bedjo+Coffee+3/data=!4m7!3m6!1s0x2e7857d01b493a5f:0xf548999c9bdfff49!8m2!3d-7.8315383!4d111.9940539!16s%2Fg%2F11m_x_4r2p!19sChIJXzpJG9BXeC4RSf_fm5yZSPU","","","","",""
"Texture Coffee Kediri","4.1","271","Rp 25–50 rb","","","","","","","","https://www.google.com/maps/place/Texture+Coffee+Kediri/data=!4m7!3m6!1s0x2e7857e2806d0f47:0x4de5b24b51691b4e!8m2!3d-7.8198536!4d112.0120063!16s%2Fg%2F11y4lr2d47!19sChIJRw9tgOJXeC4RThtpUUuy5U0","","","","",""
"KUVY Coffee & Eatery","4.5","425","Rp 25–50 rb","Buka Kam pukul 08.00  ""Minuman dan cake standart harganya, hampir sama dg cafe lain.""  Pesan online","","","","","","","https://www.google.com/maps/place/KUVY+Coffee+%26+Eatery/data=!4m7!3m6!1s0x2e7857002cbf8c49:0x3e9d6cdfec88ac77!8m2!3d-7.8193598!4d112.0180479!16s%2Fg%2F11xm19vlvm!19sChIJSYy_LABXeC4Rd6yI7N9snT4","","","","",""
"TOMORO COFFEE - SEKARTAJI","4.7","855","Rp 25–50 rb","","","","","","","","https://www.google.com/maps/place/TOMORO+COFFEE+-+SEKARTAJI/data=!4m7!3m6!1s0x2e7857d0e02ec695:0xbabc132169f33b87!8m2!3d-7.8100142!4d112.004509!16s%2Fg%2F11vwrmq2tz!19sChIJlcYu4NBXeC4RhzvzaSETvLo","","","","",""
"LUCY senja & cozyspace","4.5","241","Rp 1–25.000","","","","","","","","https://www.google.com/maps/place/LUCY+senja+%26+cozyspace/data=!4m7!3m6!1s0x2e7859596df5f4df:0x37eed9d84fe2b24c!8m2!3d-7.8153545!4d112.0317134!16s%2Fg%2F11ry4t1wz3!19sChIJ3_T1bVlZeC4RTLLiT9jZ7jc","","","","",""
"Toneeto's - Kitchen & Coffee","4.6","1109","Rp 25–50 rb","","","","","","","","https://www.google.com/maps/place/Toneeto%27s+-+Kitchen+%26+Coffee/data=!4m7!3m6!1s0x2e7857704bec81bf:0x5901710cfeae65ee!8m2!3d-7.824276!4d112.012289!16s%2Fg%2F11j93tdd5c!19sChIJv4HsS3BXeC4R7mWu_gxxAVk","","","","",""
"NOA coffee & Eatery","4.5","110","Rp 25–50 rb","","","","","","","","https://www.google.com/maps/place/NOA+coffee+%26+Eatery/data=!4m7!3m6!1s0x2e7857004c123575:0x756b38cf13580cf0!8m2!3d-7.8376115!4d111.9956679!16s%2Fg%2F11wr63_f1k!19sChIJdTUSTABXeC4R8AxYE884a3U","","","","",""
"Billions Coffee Kediri","4.8","642","Rp 25–50 rb","","","","","","","","https://www.google.com/maps/place/Billions+Coffee+Kediri/data=!4m7!3m6!1s0x2e7857f45bf89e15:0xa8025e55980fc5b8!8m2!3d-7.8117606!4d112.0160778!16s%2Fg%2F11vwjw9fsg!19sChIJFZ74W_RXeC4RuMUPmFVeAqg","","","","",""
"In Coffee","5.0","26","$","","","","","","","","https://www.google.com/maps/place/In+Coffee/data=!4m7!3m6!1s0x2e78578aa4c3800d:0xe297c95c81e51770!8m2!3d-7.8239541!4d111.9865938!16s%2Fg%2F11gy1l660y!19sChIJDYDDpIpXeC4RcBflgVzJl-I","","","","",""
"Otw Coffeeshop","4.3","457","Rp 1–25.000","","","","","","","","https://www.google.com/maps/place/Otw+Coffeeshop/data=!4m7!3m6!1s0x2e78576c1d11ab2b:0x9eee6a8716f453a0!8m2!3d-7.8176133!4d112.0292421!16s%2Fg%2F11c37hh2k9!19sChIJK6sRHWxXeC4RoFP0Fodq7p4","","","","",""
"Bluerry Coffee and Eatery","4.5","523","","","","","","","","","https://www.google.com/maps/place/Bluerry+Coffee+and+Eatery/data=!4m7!3m6!1s0x2e78575db74857df:0xc44a5ba6228a3d6e!8m2!3d-7.8171304!4d112.0158881!16s%2Fg%2F11vd8v2m7h!19sChIJ31dIt11XeC4Rbj2KIqZbSsQ","","","","",""
"Fore Coffee - Hayam Wuruk, Kediri","4.6","588","Rp 25–50 rb","","","","","","","","https://www.google.com/maps/place/Fore+Coffee+-+Hayam+Wuruk,+Kediri/data=!4m7!3m6!1s0x2e7857b0928d389d:0x945cbbd312e76e20!8m2!3d-7.8152556!4d112.0170393!16s%2Fg%2F11vc6_91fp!19sChIJnTiNkrBXeC4RIG7nEtO7XJQ","","","","",""
"Bern Coffee House","4.9","292","Rp 25–50 rb","","","","","","","","https://www.google.com/maps/place/Bern+Coffee+House/data=!4m7!3m6!1s0x2e7857001b527fb1:0x242eba049959ef6c!8m2!3d-7.804448!4d112.0087557!16s%2Fg%2F11wg831hcp!19sChIJsX9SGwBXeC4RbO9ZmQS6LiQ","","","","",""
"San's Coffee Space","4.6","117","Rp 25–50 rb","","","","","","","","https://www.google.com/maps/place/San%27s+Coffee+Space/data=!4m7!3m6!1s0x2e7857002e3a57c3:0x98a0530efb7722b3!8m2!3d-7.8212831!4d112.0245698!16s%2Fg%2F11yhb3fk42!19sChIJw1c6LgBXeC4RsyJ3-w5ToJg","","","","",""
"SUATUKOPI Coffee and Space","4.5","196","Rp 1–25.000","","","","","","","","https://www.google.com/maps/place/SUATUKOPI+Coffee+and+Space/data=!4m7!3m6!1s0x2e7857d3efa1272f:0xf0d586c2f91c9237!8m2!3d-7.8153913!4d112.0254129!16s%2Fg%2F11kblmqdw4!19sChIJLyeh79NXeC4RN5Ic-cKG1fA","","","","",""
"TEMPAT BERCAKAP KOPI KEDIRI","4.7","2529","Rp 25–50 rb","","","","","","","","https://www.google.com/maps/place/TEMPAT+BERCAKAP+KOPI+KEDIRI/data=!4m7!3m6!1s0x2e7857d4d75c2d39:0x55233fc3cb4b8a22!8m2!3d-7.8123768!4d112.0383925!16s%2Fg%2F11js277yrj!19sChIJOS1c19RXeC4RIopLy8M_I1U","","","","",""
"REPUBLIK DENDY CAFE KEDIRI","4.6","1497","Rp 25–50 rb","REPUBLIK DENDY CAFE KEDIRI  4,6(1.497)","","","","","","","https://www.google.com/maps/place/REPUBLIK+DENDY+CAFE+KEDIRI/data=!4m7!3m6!1s0x2e78571d69c67fa9:0x60a3e8229cab45dc!8m2!3d-7.8139898!4d111.9667383!16s%2Fg%2F11l2cp9hm3!19sChIJqX_GaR1XeC4R3EWrnCLoo2A","","","","",""
"Kocokin Coffeeshop Kediri","4.4","894","Rp 1–25.000","Buka Kam pukul 13.00  ""Cafe dengan konsep outdoor.""","","","","","","","https://www.google.com/maps/place/Kocokin+Coffeeshop+Kediri/data=!4m7!3m6!1s0x2e78574f0bee00df:0x8f9609f7cf34a895!8m2!3d-7.8301123!4d112.0389583!16s%2Fg%2F11hqxj6dvd!19sChIJ3wDuC09XeC4Rlag0z_cJlo8","","","","",""
"SK Coffee Lab.","4.6","1331","Rp 25–50 rb","","","","","","","","https://www.google.com/maps/place/SK+Coffee+Lab./data=!4m7!3m6!1s0x2e78576b42bb2add:0x1f5a767fc44436ca!8m2!3d-7.8162919!4d112.0251726!16s%2Fg%2F11f3tvrpt7!19sChIJ3Sq7QmtXeC4RyjZExH92Wh8","","","","",""
"ESTAR Cafe & Eatery","4.5","114","Rp 25–50 rb","ESTAR Cafe & Eatery  4,5(114)","","","","","","","https://www.google.com/maps/place/ESTAR+Cafe+%26+Eatery/data=!4m7!3m6!1s0x2e7857c291e1c8af:0x432aa46b07d36cf7!8m2!3d-7.8084502!4d112.0013465!16s%2Fg%2F11shcz122y!19sChIJr8jhkcJXeC4R92zTB2ukKkM","","","","",""
"Societe Cafe Kediri","4.7","594","Rp 25–50 rb","Societe Cafe Kediri  4,7(594)","","","","","","","https://www.google.com/maps/place/Societe+Cafe+Kediri/data=!4m7!3m6!1s0x2e7857146e986485:0xac922071a2c930f3!8m2!3d-7.8169584!4d112.0197906!16s%2Fg%2F11c6qb2cwc!19sChIJhWSYbhRXeC4R8zDJonEgkqw","","","","",""
"Tropis Coffee","3.9","186","Rp 25–50 rb","","","","","","","","https://www.google.com/maps/place/Tropis+Coffee/data=!4m7!3m6!1s0x2e78570010520e29:0x1bfa000587c5948a!8m2!3d-7.8190061!4d112.0106658!16s%2Fg%2F11mcb9d7mh!19sChIJKQ5SEABXeC4RipTFhwUA-hs","","","","",""
"Parkir Depan Coffee & Eatery","4.6","531","Rp 25–50 rb","","","","","","","","https://www.google.com/maps/place/Parkir+Depan+Coffee+%26+Eatery/data=!4m7!3m6!1s0x2e78576e6d970409:0x56ff0cf2e8c6f0b8!8m2!3d-7.820209!4d112.0231246!16s%2Fg%2F11r972k939!19sChIJCQSXbW5XeC4RuPDG6PIM_1Y","","","","",""
"TEBU - Cafe Temu Budaya Kediri","4.0","490","Rp 25–50 rb","TEBU - Cafe Temu Budaya Kediri  4,0(490)","","","","","","","https://www.google.com/maps/place/TEBU+-+Cafe+Temu+Budaya+Kediri/data=!4m7!3m6!1s0x2e7857004d0ac6ff:0x5ea064ab6da8e5f0!8m2!3d-7.8170805!4d112.0138707!16s%2Fg%2F11vlz030gs!19sChIJ_8YKTQBXeC4R8OWobatkoF4","","","","",""
"TELL KOPI","4.4","1286","Rp 25–50 rb","","","","","","","","https://www.google.com/maps/place/TELL+KOPI/data=!4m7!3m6!1s0x2e7857e25c0919ff:0x3a98c7a3eaa95881!8m2!3d-7.8298448!4d112.0382753!16s%2Fg%2F11fksyf8t5!19sChIJ_xkJXOJXeC4RgVip6qPHmDo","","","","",""
"Kopi Calf To Go Kediri","4.8","941","Rp 25–50 rb","","","","","","","","https://www.google.com/maps/place/Kopi+Calf+To+Go+Kediri/data=!4m7!3m6!1s0x2e7857005600f767:0x15d8358415ea3899!8m2!3d-7.8150358!4d112.0178122!16s%2Fg%2F11xrc70p9h!19sChIJZ_cAVgBXeC4RmTjqFYQ12BU","","","","",""
"Okui Es Kopi dan Temannya","4.5","1263","Rp 25–50 rb","","","","","","","","https://www.google.com/maps/place/Okui+Es+Kopi+dan+Temannya/data=!4m7!3m6!1s0x2e78576b59e95a4d:0xc5fca40527937d9!8m2!3d-7.8170254!4d112.0248372!16s%2Fg%2F11gg9f4bhh!19sChIJTVrpWWtXeC4R2Td5UkDKXww","","","","",""
"Laoban kediri","4.7","514","Rp 25–50 rb","Buka Kam pukul 07.00  ""pas bgt lagi ada menu terbaru collab sm chef, and here we go.""  Pesan online","","","","","","","https://www.google.com/maps/place/Laoban+kediri/data=!4m7!3m6!1s0x2e785700564efc11:0x61d576780053702a!8m2!3d-7.8214169!4d112.0273827!16s%2Fg%2F11v_5h83wm!19sChIJEfxOVgBXeC4RKnBTAHh21WE","","","","",""
"91 traditional coffee","4.8","51","","","","","","","","","https://www.google.com/maps/place/91+traditional+coffee/data=!4m7!3m6!1s0x2e785704764af16b:0x21ba48b13ac8d337!8m2!3d-7.8240422!4d111.9844724!16s%2Fg%2F11jmzcwt00!19sChIJa_FKdgRXeC4RN9PIOrFIuiE","","","","",""
"Epilogi Coffee","4.6","164","Rp 25–50 rb","","","","","","","","https://www.google.com/maps/place/Epilogi+Coffee/data=!4m7!3m6!1s0x2e785738a1498d63:0x3382597396606819!8m2!3d-7.8144168!4d112.020778!16s%2Fg%2F11xvclyk9c!19sChIJY41JoThXeC4RGWhglnNZgjM","","","","",""
"Cafe Republic","4.3","226","Rp 1–25.000","Cafe Republic  4,3(226)","","","","","","","https://www.google.com/maps/place/Cafe+Republic/data=!4m7!3m6!1s0x2e7856ec8bc6f76b:0x2bac971d54f2c77b!8m2!3d-7.8205604!4d111.9788179!16s%2Fg%2F11c5hz8wfk!19sChIJa_fGi-xWeC4Re8fyVB2XrCs","","","","",""
"AMA cafe and resto","4.3","382","Rp 25–50 rb","AMA cafe and resto  4,3(382)","","","","","","","https://www.google.com/maps/place/AMA+cafe+and+resto/data=!4m7!3m6!1s0x2e785737f38bb00f:0x4464013f9187c216!8m2!3d-7.8129359!4d112.0247936!16s%2Fg%2F11rfc5nsw1!19sChIJD7CL8zdXeC4RFsKHkT8BZEQ","","","","",""
"Asturo","4.7","391","Rp 25–50 rb","Buka Kam pukul 10.00  ""Konsep cafenya unik, aesthetic, interiornya oke.""  Pesan online","","","","","","","https://www.google.com/maps/place/Asturo/data=!4m7!3m6!1s0x2e78572e696c1a7b:0xe6acb1bc93e3b1ca!8m2!3d-7.8475831!4d112.0346541!16s%2Fg%2F11spfdhblp!19sChIJexpsaS5XeC4RyrHjk7yxrOY","","","","",""
"Tilik Sawah","4.3","409","Rp 1–25.000","","","","","","","","https://www.google.com/maps/place/Tilik+Sawah/data=!4m7!3m6!1s0x2e7857a179ed81b5:0x802bf546dc39388e!8m2!3d-7.8122442!4d111.995781!16s%2Fg%2F11lfqy83yt!19sChIJtYHteaFXeC4Rjjg53Eb1K4A","","","","",""
"ROCABANA - ice . coffee . donuts","4.5","1602","Rp 25–50 rb","","","","","","","","https://www.google.com/maps/place/ROCABANA+-+ice+.+coffee+.+donuts/data=!4m7!3m6!1s0x2e7857a35f75be8f:0x20d5ecff3271d593!8m2!3d-7.8127303!4d112.0207188!16s%2Fg%2F11j1jz5xdr!19sChIJj751X6NXeC4Rk9VxMv_s1SA","","","","",""
"Cafe 150°","4.8","34","Rp 1–25.000","Cafe 150°  4,8(34)","","","","","","","https://www.google.com/maps/place/Cafe+150%C2%B0/data=!4m7!3m6!1s0x2e7857d590e1d159:0x6a5fece84d01319f!8m2!3d-7.8221874!4d112.005777!16s%2Fg%2F11qzxbmbv6!19sChIJWdHhkNVXeC4RnzEBTejsX2o","","","","",""
"Cafe Balok Kayu","3.8","243","Rp 1–25.000","Cafe Balok Kayu  3,8(243)","","","","","","","https://www.google.com/maps/place/Cafe+Balok+Kayu/data=!4m7!3m6!1s0x2e7857ed1bb7ab01:0xb15f35990fd35802!8m2!3d-7.8286386!4d111.9963752!16s%2Fg%2F11kpvtxj4n!19sChIJAau3G-1XeC4RAljTD5k1X7E","","","","",""
"Read Cafe Kediri","4.7","99","","Read Cafe Kediri  4,7(99)Kafe","","","","","","","https://www.google.com/maps/place/Read+Cafe+Kediri/data=!4m7!3m6!1s0x2e7857917fea7a6d:0xe8646d83fca6f7b7!8m2!3d-7.8311058!4d111.9904644!16s%2Fg%2F11fmpzdcjh!19sChIJbXrqf5FXeC4Rt_em_INtZOg","","","","",""
"Kopi Mandja Kediri","4.6","266","Rp 1–25.000","","","","","","","","https://www.google.com/maps/place/Kopi+Mandja+Kediri/data=!4m7!3m6!1s0x2e78575dc2632ccb:0xa6054b985c15ba1d!8m2!3d-7.8193751!4d112.0192757!16s%2Fg%2F11stngrsnm!19sChIJyyxjwl1XeC4RHboVXJhLBaY","","","","",""
"Abank Coffee Kediri Gor Jayabaya","4.6","71","Rp 1–25.000","","","","","","","","https://www.google.com/maps/place/Abank+Coffee+Kediri+Gor+Jayabaya/data=!4m7!3m6!1s0x2e78578f8b6af1ab:0xace45ef749235340!8m2!3d-7.832908!4d111.995914!16s%2Fg%2F11fghhs1zm!19sChIJq_Fqi49XeC4RQFMjSfde5Kw","","","","",""
"Kendhil Jejeg 2","4.5","302","Rp 1–25.000","","","","","","","","https://www.google.com/maps/place/Kendhil+Jejeg+2/data=!4m7!3m6!1s0x2e7856ff446fb91d:0x8e2d293bd7ce66b9!8m2!3d-7.8331687!4d111.995068!16s%2Fg%2F11cs6dhhn1!19sChIJHblvRP9WeC4RuWbO1zspLY4","","","","",""
"Kopi Gus Kulon Kediri","4.6","30","Rp 1–25.000","","","","","","","","https://www.google.com/maps/place/Kopi+Gus+Kulon+Kediri/data=!4m7!3m6!1s0x2e785790244e09b3:0x90dbe1dee52b0be8!8m2!3d-7.8249609!4d111.9879547!16s%2Fg%2F11t65m3rrd!19sChIJswlOJJBXeC4R6Asr5d7h25A","","","","",""
"Kedai Expo","4.5","1235","Rp 25–50 rb","Buka Kam pukul 09.00  ""Membuat pelanggan (baru) nyaman.""","","","","","","","https://www.google.com/maps/place/Kedai+Expo/data=!4m7!3m6!1s0x2e78576bdc13b87d:0x1c94360977a9ed49!8m2!3d-7.8166264!4d111.9998599!16s%2Fg%2F11fl5mmshs!19sChIJfbgT3GtXeC4RSe2pdwk2lBw","","","","",""
"Lisensi Coffee","4.2","37","Rp 1–25.000","","","","","","","","https://www.google.com/maps/place/Lisensi+Coffee/data=!4m7!3m6!1s0x2e78575962ea6567:0xba806c74d18965d6!8m2!3d-7.8360438!4d112.0004228!16s%2Fg%2F11w3tc066w!19sChIJZ2XqYllXeC4R1mWJ0XRsgLo","","","","",""
"TERAS TEMU","4.6","130","Rp 1–25.000","","","","","","","","https://www.google.com/maps/place/TERAS+TEMU/data=!4m7!3m6!1s0x2e7857525a76fc4f:0xf6e70800442a8e38!8m2!3d-7.8129323!4d112.0101541!16s%2Fg%2F11tg1zrdbm!19sChIJT_x2WlJXeC4ROI4qRAAI5_Y","","","","",""
"Robucca Kediri","4.7","771","Rp 25–50 rb","","","","","","","","https://www.google.com/maps/place/Robucca+Kediri/data=!4m7!3m6!1s0x2e785749c34515f9:0x46c202a317bda389!8m2!3d-7.8080993!4d112.0018982!16s%2Fg%2F11xn7k7w_t!19sChIJ-RVFw0lXeC4RiaO9F6MCwkY","","","","",""
"ARDA KOFFIE","4.6","371","Rp 25–50 rb","","","","","","","","https://www.google.com/maps/place/ARDA+KOFFIE/data=!4m7!3m6!1s0x2e7857be046c5515:0x69912254ccb79e9!8m2!3d-7.8159427!4d112.012535!16s%2Fg%2F11j3m55fk0!19sChIJFVVsBL5XeC4R6XnLTCUSmQY","","","","",""
"Point Coffee","4.6","401","Rp 25–50 rb","","","","","","","","https://www.google.com/maps/place/Point+Coffee/data=!4m7!3m6!1s0x2e78575752541ecf:0x2db5d0fac1b84baa!8m2!3d-7.8207051!4d112.0281063!16s%2Fg%2F11hgbgxp2m!19sChIJzx5UUldXeC4Rqku4wfrQtS0","","","","",""
"Mustcoffee","4.7","171","Rp 25–50 rb","","","","","","","","https://www.google.com/maps/place/Mustcoffee/data=!4m7!3m6!1s0x2e78576d0aa31d4d:0x4121528cb30ea4a4!8m2!3d-7.8211422!4d112.0265517!16s%2Fg%2F11p13ltr63!19sChIJTR2jCm1XeC4RpKQOs4xSIUE","","","","",""
"Warung Goopi","3.9","314","Rp 1–25.000","","","","","","","","https://www.google.com/maps/place/Warung+Goopi/data=!4m7!3m6!1s0x2e78574b95da0359:0x42ccc3b021347bc9!8m2!3d-7.8144403!4d112.0157353!16s%2Fg%2F11tcj6mb0b!19sChIJWQPalUtXeC4RyXs0IbDDzEI","","","","",""
"CAFE MIRNA","4.3","176","Rp 1–25.000","CAFE MIRNA  4,3(176)","","","","","","","https://www.google.com/maps/place/CAFE+MIRNA/data=!4m7!3m6!1s0x2e7856e2dc475a71:0x3a6fc6423bbb78af!8m2!3d-7.8238887!4d111.9969079!16s%2Fg%2F11c30ppxsd!19sChIJcVpH3OJWeC4Rr3i7O0LGbzo","","","","",""
"Bu Tejo Cafe Kediri","4.3","204","Rp 1–25.000","Bu Tejo Cafe Kediri  4,3(204)","","","","","","","https://www.google.com/maps/place/Bu+Tejo+Cafe+Kediri/data=!4m7!3m6!1s0x2e7857ab41003f49:0x503cda80d777eef3!8m2!3d-7.8606736!4d112.0286731!16s%2Fg%2F11qp05xxxt!19sChIJST8AQatXeC4R8-5314DaPFA","","","","",""
"Mice Street Cafe","5.0","34","Rp 1–25.000","Mice Street Cafe  5,0(34)","","","","","","","https://www.google.com/maps/place/Mice+Street+Cafe/data=!4m7!3m6!1s0x2e78570bf3f103ed:0xb4338e204bc44e5b!8m2!3d-7.8131534!4d112.0213951!16s%2Fg%2F11p5g4qtdg!19sChIJ7QPx8wtXeC4RW07ESyCOM7Q","","","","",""
"kopiki","4.7","492","Rp 25–50 rb","","","","","","","","https://www.google.com/maps/place/kopiki/data=!4m7!3m6!1s0x2e78575815effdab:0x5c53e08de005a5d9!8m2!3d-7.81251!4d112.0113032!16s%2Fg%2F11fl5mp946!19sChIJq_3vFVhXeC4R2aUF4I3gU1w","","","","",""
"Wanmorn Cafe","4.6","40","","Wanmorn Cafe  4,6(40)Kafe","","","","","","","https://www.google.com/maps/place/Wanmorn+Cafe/data=!4m7!3m6!1s0x2e7856e1dd1741fb:0xba4d444984ad5c52!8m2!3d-7.8217377!4d111.9980705!16s%2Fg%2F11hcfm3n2g!19sChIJ-0EX3eFWeC4RUlythElETbo","","","","",""
"Koboi cafe Kediri","4.5","271","$","Koboi cafe Kediri  4,5(271)","","","","","","","https://www.google.com/maps/place/Koboi+cafe+Kediri/data=!4m7!3m6!1s0x2e78576d2615fb67:0x9a19cc04e1f235e!8m2!3d-7.8197924!4d112.0246735!16s%2Fg%2F11g8ljs1m1!19sChIJZ_sVJm1XeC4RXiMfTsCcoQk","","","","",""
"TEPIAN - Coffeeshop Kediri","4.5","234","Rp 1–25.000","","","","","","","","https://www.google.com/maps/place/TEPIAN+-+Coffeeshop+Kediri/data=!4m7!3m6!1s0x2e7857a153456c79:0x575c9dd694be2396!8m2!3d-7.8196874!4d111.9986991!16s%2Fg%2F11h3bnsjw9!19sChIJeWxFU6FXeC4RliO-lNadXFc","","","","",""
"Homely koffee","4.1","772","Rp 25–50 rb","","","","","","","","https://www.google.com/maps/place/Homely+koffee/data=!4m7!3m6!1s0x2e78570eadf435fd:0xd8fdb064a844201a!8m2!3d-7.7994326!4d112.0021968!16s%2Fg%2F11h196_wjj!19sChIJ_TX0rQ5XeC4RGiBEqGSw_dg","","","","",""
"ETAN MUNING ""sebuah tempat nongkrong""","4.9","25","Rp 1–25.000","","","","","","","","https://www.google.com/maps/place/ETAN+MUNING+%22sebuah+tempat+nongkrong%22/data=!4m7!3m6!1s0x2e78575ad26f723b:0x61af3120940da9fc!8m2!3d-7.827383!4d111.9977759!16s%2Fg%2F11rjj7l60r!19sChIJO3Jv0lpXeC4R_KkNlCAxr2E","","","","",""
"Green Cafe","4.4","96","Rp 1–25.000","Green Cafe  4,4(96)","","","","","","","https://www.google.com/maps/place/Green+Cafe/data=!4m7!3m6!1s0x2e78570005d84e1f:0xcae068097d4641f2!8m2!3d-7.8339689!4d112.0322053!16s%2Fg%2F11y6kyl6l4!19sChIJH07YBQBXeC4R8kFGfQlo4Mo","","","","",""
"Freeya Coffee","4.7","287","Rp 1–25.000","","","","","","","","https://www.google.com/maps/place/Freeya+Coffee/data=!4m7!3m6!1s0x2e785717e56fbfcf:0xe44a8297e060814c!8m2!3d-7.8160092!4d112.0252784!16s%2Fg%2F11h560_qkp!19sChIJz79v5RdXeC4RTIFg4JeCSuQ","","","","",""
"Warung Kopi Wilis Kediri (WKWK)","4.6","305","Rp 1–25.000","","","","","","","","https://www.google.com/maps/place/Warung+Kopi+Wilis+Kediri+%28WKWK%29/data=!4m7!3m6!1s0x2e7856c283d2b88d:0x5bcc9c98d8eb14ad!8m2!3d-7.8140805!4d111.9855345!16s%2Fg%2F11gdsf_zk9!19sChIJjbjSg8JWeC4RrRTr2JiczFs","","","","",""
"Lastay coffee","4.3","113","Rp 1–25.000","","","","","","","","https://www.google.com/maps/place/Lastay+coffee/data=!4m7!3m6!1s0x2e7857f00b1d13df:0xee84745c6f86f0c5!8m2!3d-7.8158125!4d112.0250781!16s%2Fg%2F11rz2g3f6c!19sChIJ3xMdC_BXeC4RxfCGb1x0hO4","","","","",""
"Abank Coffee Kediri Tamanan","4.5","74","$","","","","","","","","https://www.google.com/maps/place/Abank+Coffee+Kediri+Tamanan/data=!4m7!3m6!1s0x2e7856f12b54a0c9:0x4c1fe69bcedb1cfd!8m2!3d-7.8294381!4d111.9846955!16s%2Fg%2F11b7y6p4tm!19sChIJyaBUK_FWeC4R_RzbzpvmH0w","","","","",""
"ABANK COFFEE Kediri - DOKO","4.6","140","Rp 1–25.000","","","","","","","","https://www.google.com/maps/place/ABANK+COFFEE+Kediri+-+DOKO/data=!4m7!3m6!1s0x2e78575d8e901bf3:0xb5bc11f904953c!8m2!3d-7.8106599!4d112.0397695!16s%2Fg%2F11cs46xv_z!19sChIJ8xuQjl1XeC4RPJUE-RG8tQA","","","","",""
"Bakol Kopi Kediri","4.4","167","Rp 1–25.000","","","","","","","","https://www.google.com/maps/place/Bakol+Kopi+Kediri/data=!4m7!3m6!1s0x2e7856fd2d5ae41d:0xfa6eaf77e440ceca!8m2!3d-7.8278364!4d111.9946846!16s%2Fg%2F11c0rnjl3w!19sChIJHeRaLf1WeC4Rys5A5Hevbvo","","","","",""
"Simple Kopi","4.6","363","Rp 1–25.000","Buka Kam pukul 08.30  ""Baristanya lucu dan friendly juga.""","","","","","","","https://www.google.com/maps/place/Simple+Kopi/data=!4m7!3m6!1s0x2e78576b108dcbb1:0xf1e605f29b611a20!8m2!3d-7.811456!4d112.0283156!16s%2Fg%2F11fm_47t_n!19sChIJscuNEGtXeC4RIBphm_IF5vE","","","","",""
"Cafe Prongos","4.5","1001","Rp 1–25.000","Cafe Prongos  4,5(1.001)","","","","","","","https://www.google.com/maps/place/Cafe+Prongos/data=!4m7!3m6!1s0x2e79aac7fa52bd3f:0xb991c258c98acaec!8m2!3d-7.8643084!4d111.8377824!16s%2Fg%2F11hczzw9qc!19sChIJP71S-seqeS4R7MqKyVjCkbk","","","","",""
"D'WIF CAFE","4.6","345","Rp 1–25.000","D'WIF CAFE  4,6(345)","","","","","","","https://www.google.com/maps/place/D%27WIF+CAFE/data=!4m7!3m6!1s0x2e7857a4f68e0323:0x3e74b7cff820a41b!8m2!3d-7.8406188!4d112.0158462!16s%2Fg%2F11gfm9yfzq!19sChIJIwOO9qRXeC4RG6Qg-M-3dD4","","","","",""
"Yan’s Coffee·Link yang dikunjungi","4.5","103","Rp 25–50 rb","","","","","","","","https://www.google.com/maps/place/Yan%E2%80%99s+Coffee/data=!4m7!3m6!1s0x2e7857e229541439:0x1da352ef04601865!8m2!3d-7.8097464!4d112.001829!16s%2Fg%2F11rhd_yfgp!19sChIJORRUKeJXeC4RZRhgBO9Sox0","","","","",""
"RENCANG COFFEE","4.8","102","$","","","","","","","","https://www.google.com/maps/place/RENCANG+COFFEE/data=!4m7!3m6!1s0x2e7857fb307d6401:0xb86b146e93426c93!8m2!3d-7.8250091!4d112.0056701!16s%2Fg%2F11fkcl6s8n!19sChIJAWR9MPtXeC4Rk2xCk24Ua7g","","","","",""
"Alohacoffee","4.1","52","Rp 1–25.000","","","","","","","","https://www.google.com/maps/place/Alohacoffee/data=!4m7!3m6!1s0x2e785707c694b2c1:0x34c0a5f043b47f31!8m2!3d-7.8343328!4d112.0127545!16s%2Fg%2F11lgktzmzz!19sChIJwbKUxgdXeC4RMX-0Q_ClwDQ","","","","",""
"Basecamp Cafe","4.0","121","Rp 1–25.000","Basecamp Cafe  4,0(121)","","","","","","","https://www.google.com/maps/place/Basecamp+Cafe/data=!4m7!3m6!1s0x2e78575c72ce5a6b:0xe9875e8327366435!8m2!3d-7.8348073!4d112.0311672!16s%2Fg%2F11jcs4_1cx!19sChIJa1rOclxXeC4RNWQ2J4Neh-k","","","","",""
"deSatu Coffee","4.7","251","Rp 1–25.000","Buka Kam pukul 08.00  ""barista ramah imut lucu kalcer  dan menggemaskan 💕💚🤭🫶🏻😋🫸🏻🤛🏻""","","","","","","","https://www.google.com/maps/place/deSatu+Coffee/data=!4m7!3m6!1s0x2e78573719e7b627:0xfe188fe6b3c27473!8m2!3d-7.8158979!4d112.025093!16s%2Fg%2F11fgj3xzfq!19sChIJJ7bnGTdXeC4Rc3TCs-aPGP4","","","","",""
"Kopicab","4.7","356","Rp 1–25.000","","","","","","","","https://www.google.com/maps/place/Kopicab/data=!4m7!3m6!1s0x2e78570bb44248d7:0x6a15dd3b75c18d4b!8m2!3d-7.8202632!4d112.0007816!16s%2Fg%2F11h0_q2zkm!19sChIJ10hCtAtXeC4RS43BdTvdFWo","","","","",""
"pehkopi","4.6","388","Rp 1–25.000","","","","","","","","https://www.google.com/maps/place/pehkopi/data=!4m7!3m6!1s0x2e78574353f9dec5:0xcb239de71bb6513!8m2!3d-7.8219463!4d112.0162801!16s%2Fg%2F11c459r5_r!19sChIJxd75U0NXeC4RE2W7cd45sgw","","","","",""
"BELIKOPI. KEDIRI","4.0","590","Rp 1–25.000","","","","","","","","https://www.google.com/maps/place/BELIKOPI.+KEDIRI/data=!4m7!3m6!1s0x2e78573cc08552cb:0xdee87ecc7f6ef517!8m2!3d-7.8152732!4d112.0173939!16s%2Fg%2F11hht6nfl9!19sChIJy1KFwDxXeC4RF_Vuf8x-6N4","","","","",""
"Kopi Kenangan - Hayam Wuruk Kediri","4.4","475","Rp 25–50 rb","","","","","","","","https://www.google.com/maps/place/Kopi+Kenangan+-+Hayam+Wuruk+Kediri/data=!4m7!3m6!1s0x2e78579171fc33a9:0x456d127eacdd5118!8m2!3d-7.8145747!4d112.0155106!16s%2Fg%2F11pdf5qylc!19sChIJqTP8cZFXeC4RGFHdrH4SbUU","","","","",""
"Kopi Gus Cabang Kediri","4.7","182","Rp 1–25.000","","","","","","","","https://www.google.com/maps/place/Kopi+Gus+Cabang+Kediri/data=!4m7!3m6!1s0x2e785780a10a852b:0xd9a30ca8bf9a7de!8m2!3d-7.8467172!4d112.0215462!16s%2Fg%2F11fpc434d4!19sChIJK4UKoYBXeC4R3qf5i8owmg0","","","","",""
"Omah Bambu","4.2","139","","","","","","","","","https://www.google.com/maps/place/Omah+Bambu/data=!4m7!3m6!1s0x2e7857146e98637f:0x6791932612059ed9!8m2!3d-7.8330611!4d111.9963086!16s%2Fg%2F11f3m9wwv1!19sChIJf2OYbhRXeC4R2Z4FEiaTkWc","","","","",""
"Warung Kopi SAYA - Buka 24 Jam (live music, wifi cepat/unlimited, parkir luas, working space, colokan listrik, cafe vibes)","4.5","36","","Warung Kopi SAYA - Buka 24 Jam (live music, wifi cepat/unlimited, parkir luas, working space, colokan listrik, cafe vibes)  4,5(36)Kedai Kopi","","","","","","","https://www.google.com/maps/place/Warung+Kopi+SAYA+-+Buka+24+Jam+%28live+music,+wifi+cepat%2Funlimited,+parkir+luas,+working+space,+colokan+listrik,+cafe+vibes%29/data=!4m7!3m6!1s0x2e78570010638155:0x67184ea35a97685f!8m2!3d-7.8397057!4d112.0268104!16s%2Fg%2F11ld3c9jv2!19sChIJVYFjEABXeC4RX2iXWqNOGGc","","","","",""
"WE CAFÉ","4.5","28","Rp 25–50 rb","","","","","","","","https://www.google.com/maps/place/WE+CAF%C3%89/data=!4m7!3m6!1s0x2e7857923d62e625:0xbba98855625d9ef5!8m2!3d-7.8230612!4d112.0185398!16s%2Fg%2F11vjdk_1j8!19sChIJJeZiPZJXeC4R9Z5dYlWIqbs","","","","",""
"De'Bronto's Coffee House","4.2","206","Rp 50–75 rb","","","","","","","","https://www.google.com/maps/place/De%27Bronto%27s+Coffee+House/data=!4m7!3m6!1s0x2e785714f2d7dc23:0xbf4ad9b10452d141!8m2!3d-7.8159211!4d112.022229!16s%2Fg%2F1hd_47l7z!19sChIJI9zX8hRXeC4RQdFSBLHZSr8","","","","",""
"Warung N'Dlesep","4.7","872","Rp 1–25.000","","","","","","","","https://www.google.com/maps/place/Warung+N%27Dlesep/data=!4m7!3m6!1s0x2e7857a492413bb3:0xbee56f2e68f0a663!8m2!3d-7.834702!4d112.014998!16s%2Fg%2F11ghzwn32x!19sChIJsztBkqRXeC4RY6bwaC5v5b4","","","","",""
"Pinka kediri","4.7","19","Rp 1–25.000","","","","","","","","https://www.google.com/maps/place/Pinka+kediri/data=!4m7!3m6!1s0x2e78576788b0e425:0xb6a97540431b73b1!8m2!3d-7.8124263!4d112.0068635!16s%2Fg%2F11q23h77cw!19sChIJJeSwiGdXeC4RsXMbQ0B1qbY","","","","",""
"Kedai kopi Papringan","4.4","1520","Rp 1–25.000","","","","","","","","https://www.google.com/maps/place/Kedai+kopi+Papringan/data=!4m7!3m6!1s0x2e7857064fc540bb:0x15fdfe801f0922fd!8m2!3d-7.8299024!4d112.0094658!16s%2Fg%2F11cmtqx4x2!19sChIJu0DFTwZXeC4R_SIJH4D-_RU","","","","",""
"Coffee","4.4","82","$","","","","","","","","https://www.google.com/maps/place/Coffee/data=!4m7!3m6!1s0x2e7857b402dfd00b:0x49212cf782289206!8m2!3d-7.8454643!4d112.0069934!16s%2Fg%2F11cn8v_x0c!19sChIJC9DfArRXeC4RBpIogvcsIUk","","","","",""
"Jenaka Kopi Kediri","4.3","104","Rp 1–25.000","","","","","","","","https://www.google.com/maps/place/Jenaka+Kopi+Kediri/data=!4m7!3m6!1s0x2e78f1a239aef6d5:0x92a3a06ac3de3058!8m2!3d-7.816982!4d112.0177648!16s%2Fg%2F11rf8zhypn!19sChIJ1fauOaLxeC4RWDDew2qgo5I","","","","",""
"Cafe","4.5","10","","Cafe  4,5(10)Kedai Kopi","","","","","","","https://www.google.com/maps/place/Cafe/data=!4m7!3m6!1s0x2e78574e77d72261:0x1b35688c5074f269!8m2!3d-7.8189156!4d112.0250246!16s%2Fg%2F11n7wctjkd!19sChIJYSLXd05XeC4RafJ0UIxoNRs","","","","",""
"Koppi","4.7","74","Rp 25–50 rb","Buka Kam pukul 09.00  ""barista ramah, taste coffeenya dapet""","","","","","","","https://www.google.com/maps/place/Koppi/data=!4m7!3m6!1s0x2e7857c8e5f30e4b:0xd231fb1c666110a1!8m2!3d-7.8158637!4d112.0204213!16s%2Fg%2F11qtxj0qv9!19sChIJSw7z5chXeC4RoRBhZhz7MdI","","","","",""
"Kopi Kota Kediri","4.5","172","Rp 1–25.000","","","","","","","","https://www.google.com/maps/place/Kopi+Kota+Kediri/data=!4m7!3m6!1s0x2e78579295bcf6bf:0x464c5699f8428157!8m2!3d-7.8199411!4d112.0205104!16s%2Fg%2F11nff1zfn7!19sChIJv_a8lZJXeC4RV4FC-JlWTEY","","","","",""
"Bube Kediri","4.5","18","","","","","","","","","https://www.google.com/maps/place/Bube+Kediri/data=!4m7!3m6!1s0x2e785760db2f79f1:0xa6ee28706ec7ee8a!8m2!3d-7.8204031!4d111.9984074!16s%2Fg%2F11kcbh8qtx!19sChIJ8Xkv22BXeC4Riu7HbnAo7qY","","","","",""
"Biji Sesawi Tongkrongan","5.0","61","Rp 1–25.000","","","","","","","","https://www.google.com/maps/place/Biji+Sesawi+Tongkrongan/data=!4m7!3m6!1s0x2e7857b8587adaa3:0x478d321674ce5412!8m2!3d-7.8504955!4d112.0122236!16s%2Fg%2F11y28p2xz_!19sChIJo9p6WLhXeC4RElTOdBYyjUc","","","","",""
"JA-DI COFEE SEMERU KOTA KEDIRI","5.0","11","","","","","","","","","https://www.google.com/maps/place/JA-DI+COFEE+SEMERU+KOTA+KEDIRI/data=!4m7!3m6!1s0x2e785700107172a5:0xe164326644e00a4e!8m2!3d-7.827563!4d111.9951495!16s%2Fg%2F11mf14xq87!19sChIJpXJxEABXeC4RTgrgRGYyZOE","","","","",""